drop table if exists t_auto_inc;
CREATE TABLE t_auto_inc (
id int(4) NOT NULL AUTO_INCREMENT,
data VARCHAR(64) DEFAULT NULL,
PRIMARY KEY (id)
)  engine=tianmu;
insert into t_auto_inc (data) values("first"),("middle"),("last");
select * from t_auto_inc;
id	data
1	first
2	middle
3	last
drop table if exists tint;
drop table if exists ttinyint;
drop table if exists tsmallint;
drop table if exists tmediumint;
drop table if exists tbigint;
CREATE TABLE tint (
id int(4) NOT NULL AUTO_INCREMENT,
data VARCHAR(64) DEFAULT NULL,
PRIMARY KEY (id)
)  engine=tianmu;
insert into tint (id, data) values(2147483646, "first"),(63, "middle"),(0, "last");
select * from tint;
id	data
2147483646	first
63	middle
2147483647	last
insert into tint (id, data) values (0, "last");
ERROR 23000: Duplicate entry '0' for key 'PRIMARY'
select * from tint;
id	data
2147483646	first
63	middle
2147483647	last
CREATE TABLE ttinyint (
id tinyint(1) NOT NULL AUTO_INCREMENT,
data VARCHAR(64) DEFAULT NULL,
PRIMARY KEY (id)
)  engine=tianmu;
insert into ttinyint (id, data) values(126, "first"),(63, "middle"),(0, "last");
select * from ttinyint;
id	data
126	first
63	middle
127	last
insert into ttinyint (id, data) values (0, "last");
ERROR 23000: Duplicate entry '0' for key 'PRIMARY'
select * from ttinyint;
id	data
126	first
63	middle
127	last
CREATE TABLE tsmallint (
id smallint(2) NOT NULL AUTO_INCREMENT,
data VARCHAR(64) DEFAULT NULL,
PRIMARY KEY (id)
)  engine=tianmu;
insert into tsmallint (id, data) values(32766, "first"),(63, "middle"),(0, "last");
select * from tsmallint;
id	data
32766	first
63	middle
32767	last
insert into tsmallint (id, data) values (0, "last");
ERROR 23000: Duplicate entry '0' for key 'PRIMARY'
select * from tsmallint;
id	data
32766	first
63	middle
32767	last
CREATE TABLE tmediumint (
id mediumint(3) NOT NULL AUTO_INCREMENT,
data VARCHAR(64) DEFAULT NULL,
PRIMARY KEY (id)
)  engine=tianmu;
insert into tmediumint (id, data) values(8388606, "first"),(63, "middle"),(0, "last");
select * from tmediumint;
id	data
8388606	first
63	middle
8388607	last
insert into tmediumint (id, data) values (0, "last");
ERROR 23000: Duplicate entry '0' for key 'PRIMARY'
select * from tmediumint;
id	data
8388606	first
63	middle
8388607	last
CREATE TABLE tbigint (
id bigint(8) NOT NULL AUTO_INCREMENT,
data VARCHAR(64) DEFAULT NULL,
PRIMARY KEY (id)
)  engine=tianmu;
insert into tbigint (id, data) values(9223372036854775806, "first"),(63, "middle"),(0, "last");
select * from tbigint;
id	data
9223372036854775806	first
63	middle
9223372036854775807	last
insert into tbigint (id, data) values (0, "last");
ERROR 23000: Duplicate entry '0' for key 'PRIMARY'
select * from tbigint;
id	data
9223372036854775806	first
63	middle
9223372036854775807	last
drop table if exists tint;
drop table if exists ttinyint;
drop table if exists tsmallint;
drop table if exists tmediumint;
drop table if exists tbigint;
CREATE TABLE tint (
id int(4) unsigned NOT NULL AUTO_INCREMENT,
data VARCHAR(64) DEFAULT NULL,
PRIMARY KEY (id)
)  engine=tianmu;
insert into tint (id, data) values(4294967294, "first"),(63, "middle"),(0, "last");
select * from tint;
id	data
4294967294	first
63	middle
4294967295	last
insert into tint (id, data) values (0, "last");
ERROR 23000: Duplicate entry '0' for key 'PRIMARY'
select * from tint;
id	data
4294967294	first
63	middle
4294967295	last
CREATE TABLE ttinyint (
id tinyint(1) unsigned NOT NULL AUTO_INCREMENT,
data VARCHAR(64) DEFAULT NULL,
PRIMARY KEY (id)
)  engine=tianmu;
insert into ttinyint (id, data) values(254, "first"),(63, "middle"),(0, "last");
select * from ttinyint;
id	data
254	first
63	middle
255	last
insert into ttinyint (id, data) values (0, "last");
ERROR 23000: Duplicate entry '0' for key 'PRIMARY'
select * from ttinyint;
id	data
254	first
63	middle
255	last
CREATE TABLE tsmallint (
id smallint(2) unsigned NOT NULL AUTO_INCREMENT,
data VARCHAR(64) DEFAULT NULL,
PRIMARY KEY (id)
)  engine=tianmu;
insert into tsmallint (id, data) values(65534, "first"),(63, "middle"),(0, "last");
select * from tsmallint;
id	data
65534	first
63	middle
65535	last
insert into tsmallint (id, data) values (0, "last");
ERROR 23000: Duplicate entry '0' for key 'PRIMARY'
select * from tsmallint;
id	data
65534	first
63	middle
65535	last
CREATE TABLE tmediumint (
id mediumint(3) unsigned NOT NULL AUTO_INCREMENT,
data VARCHAR(64) DEFAULT NULL,
PRIMARY KEY (id)
)  engine=tianmu;
insert into tmediumint (id, data) values(16777214, "first"),(63, "middle"),(0, "last");
select * from tmediumint;
id	data
16777214	first
63	middle
16777215	last
insert into tmediumint (id, data) values (0, "last");
ERROR 23000: Duplicate entry '0' for key 'PRIMARY'
select * from tmediumint;
id	data
16777214	first
63	middle
16777215	last
CREATE TABLE tbigint (
id bigint(8) unsigned NOT NULL AUTO_INCREMENT,
data VARCHAR(64) DEFAULT NULL,
PRIMARY KEY (id)
)  engine=tianmu;
insert into tbigint (id, data) values(18446744073709551614, "first"),(63, "middle"),(0, "last");
select * from tbigint;
id	data
18446744073709551614	first
63	middle
18446744073709551615	last
insert into tbigint (id, data) values (0, "last");
ERROR 23000: Duplicate entry '0' for key 'PRIMARY'
select * from tbigint;
id	data
18446744073709551614	first
63	middle
18446744073709551615	last
