drop table if exists bittypes, t;
Warnings:
Note	1051	Unknown table 'test.bittypes'
Note	1051	Unknown table 'test.t'
CREATE TABLE t (b BIT(8));
INSERT INTO t SET b = b'11111111';
INSERT INTO t SET b = B'1010';
INSERT INTO t SET b = 0b0101;
INSERT INTO t values(b'1'), (B'1010'), (0b0101);
SELECT b+0, BIN(b), OCT(b), HEX(b) FROM t;
b+0	BIN(b)	OCT(b)	HEX(b)
255	11111111	377	FF
10	1010	12	A
5	101	5	5
1	1	1	1
10	1010	12	A
5	101	5	5
INSERT INTO t values(b'111111111');
ERROR 22001: Data too long for column 'b' at row 1
insert into t values(b'2');
ERROR 42000: You have an error in your SQL syntax; check the manual that corresponds to your MySQL server version for the right syntax to use near 'b'2')' at line 1
insert into t values(0B111);
ERROR 42S22: Unknown column '0B111' in 'field list'
drop table t;
CREATE TABLE t (b BIT(8));
insert into t values('');
insert into t values(' ');
insert into t values('1');
insert into t values('2');
insert into t values('9');
SELECT b+0, BIN(b), OCT(b), HEX(b) FROM t;
b+0	BIN(b)	OCT(b)	HEX(b)
0	0	0	0
32	100000	40	20
49	110001	61	31
50	110010	62	32
57	111001	71	39
insert into t values('10');
ERROR 22001: Data too long for column 'b' at row 1
insert into t values('  ');
ERROR 22001: Data too long for column 'b' at row 1
insert into t values("22");
ERROR 22001: Data too long for column 'b' at row 1
drop table t;
CREATE TABLE t (b BIT);
insert into t values(b'0');
insert into t values(b'1');
insert into t values(b'');
SELECT b+0, BIN(b), OCT(b), HEX(b) FROM t;
b+0	BIN(b)	OCT(b)	HEX(b)
0	0	0	0
1	1	1	1
0	0	0	0
insert into t values(' ');
ERROR 22001: Data too long for column 'b' at row 1
drop table t;
