use test;
drop table if exists t1;
create table t1 (a varchar(112) charset utf8 collate utf8_bin not null,primary key (a)) select 'test' as a ;
select a from t1;
a
test
drop table t1;
